{
  "initialization_time_control": 0.14818048477172852,
  "execution_time_control": 160.64086723327637,
  "total_time": 160.7890477180481
}