{
  "initialization_time_control": 0.1488187313079834,
  "execution_time_control": 54.86515831947327,
  "total_time": 55.01397705078125
}