{
  "initialization_time_control": 0.14886069297790527,
  "execution_time_control": 400.5993983745575,
  "total_time": 400.7482590675354
}