{
  "initialization_time_control": 0.1607685089111328,
  "execution_time_control": 179.49030423164368,
  "total_time": 179.6510727405548
}