{
  "initialization_time_control": 0.1559765338897705,
  "execution_time_control": 153.12709641456604,
  "total_time": 153.2830729484558
}