{
  "initialization_time_control": 0.1525568962097168,
  "execution_time_control": 353.3883104324341,
  "total_time": 353.5408673286438
}