{
  "initialization_time_control": 0.1494753360748291,
  "execution_time_control": 126.7095787525177,
  "total_time": 126.85905408859253
}