{
  "initialization_time_control": 0.1498568058013916,
  "execution_time_control": 79.26550221443176,
  "total_time": 79.41535902023315
}