{
  "initialization_time_control": 0.15779495239257812,
  "execution_time_control": 102.7674949169159,
  "total_time": 102.92528986930847
}