{
  "initialization_time_control": 0.15317797660827637,
  "execution_time_control": 566.2314722537994,
  "total_time": 566.3846502304077
}