{
  "initialization_time_control": 0.15002846717834473,
  "execution_time_control": 118.11077809333801,
  "total_time": 118.26080656051636
}