{
  "initialization_time_control": 0.15050768852233887,
  "execution_time_control": 200.67995953559875,
  "total_time": 200.8304672241211
}