{
  "initialization_time_control": 0.1500403881072998,
  "execution_time_control": 2281.6306307315826,
  "total_time": 2281.78067111969
}