{
  "initialization_time_control": 0.1486644744873047,
  "execution_time_control": 176.20652794837952,
  "total_time": 176.35519242286682
}