{
  "initialization_time_control": 0.15032291412353516,
  "execution_time_control": 78.77958273887634,
  "total_time": 78.92990565299988
}