{
  "initialization_time_planning": 0.17024493217468262,
  "execution_time_planning": 38.68124866485596,
  "total_time": 38.85149359703064
}