{
  "initialization_time_planning": 0.17896008491516113,
  "execution_time_planning": 41.37812852859497,
  "total_time": 41.55708861351013
}